,0,1,2,3
100206.txt,-45.62180730744458,-46.14511705214734,-44.58477418633358,-47.74454021622052
100610.txt,-48.9043098537072,-49.935909867080994,-49.1084589769858,-47.28625407925142
101006.txt,-49.33236085686658,-48.4775048033456,-48.76437194993762,-49.69460699233462
101107.txt,-53.00247587137849,-47.01562716860588,-51.757594236317416,-48.28322081380129
101309.txt,-49.27298164327604,-48.49403304551263,-50.36702094563397,-49.21292600881827
101915.txt,-46.19595167256859,-45.209897081451416,-47.63650434033118,-47.493562725444875
102008.txt,-46.708449354468094,-48.67089815317591,-48.79521174811159,-47.83048833283978
102109.txt,-51.12785608076767,-46.098627025504406,-49.72511168209541,-52.31468801519406
102311.txt,-43.39061296416702,-45.114738712161476,-44.85064270783811,-45.31642247693275
102513.txt,-47.63365214771154,-47.420400111463664,-49.277799961426545,-48.85393008380732
102614.txt,-50.296876421872,-50.03904229527283,-50.22605398725682,-50.203697176349756
102715.txt,-50.71470009161521,-50.15685869526006,-50.0120682933365,-48.3104717923906
103010.txt,-44.73451564307076,-46.32146744330826,-45.242931442092825,-45.85901471060386
103111.txt,-51.23037455936639,-51.95124729916407,-50.52638168921026,-50.97788934583111
103212.txt,-46.106933279240764,-47.544752732705234,-50.39439718154816,-49.35502889443371
104012.txt,-49.34044450042709,-50.09070095639059,-48.94317742192587,-48.997198443680034
104416.txt,-45.81408872273875,-44.004402306073644,-45.56074617703917,-45.509457991553376
104820.txt,-46.863273504687605,-48.293046500001246,-49.05426795936208,-47.00747076617149
105014.txt,-51.05900253035603,-47.969268925481195,-49.25293235605536,-50.77177819054356
105620.txt,-47.74229910093882,-47.96589964185411,-47.877881671238164,-48.886862777340696
105923.txt,-47.594389040814065,-48.761464114297716,-45.965348692205794,-45.36158276066815
106016.txt,-48.59471077001186,-48.14127962101408,-48.21220754103981,-47.40778880897734
106521.txt,-48.95373500620693,-50.861060889552874,-49.68826613476638,-47.407428164002035
106824.txt,-48.764657054077766,-48.98414738692676,-47.8172366366651,-49.18478360604695
107018.txt,-45.41188417854935,-48.360205001868714,-41.70520922133435,-48.575488674197054
107321.txt,-45.62079385840378,-48.696673941843876,-48.96083770699805,-46.093633612166606
107422.txt,-48.199122806772145,-45.484864758332755,-50.887724998767425,-46.96869807089717
107725.txt,-46.35384601285024,-49.61879909066161,-49.31521544741194,-48.61993735178312
108020.txt,-46.74626579451323,-48.944494861488735,-46.648817185612046,-47.62368192468575
108121.txt,-45.921629215664304,-47.24803372581538,-46.51784565018752,-45.84580412527934
108222.txt,-48.6327495164941,-47.49265771734441,-48.32369642350246,-47.71303649513284
108323.txt,-45.34769650017769,-48.40280439015239,-47.21141463250775,-48.05373815632641
108525.txt,-48.54369257224669,-50.53503412505467,-46.96795346306866,-46.69195887740901
108828.txt,-47.10818053462514,-47.338894698370424,-49.32557278028476,-49.235725021020556
109123.txt,-46.91896272223553,-47.45721287574778,-47.899577016934586,-45.85416223331651
109325.txt,-47.88758468472367,-49.24649981281481,-48.24705959723825,-47.82396327571238
109830.txt,-47.22476262199409,-47.457098564053034,-48.404432724252906,-48.639755311805466
110007.txt,-47.61451327623823,-47.477064993509245,-47.33161907578195,-46.50207148471464
110613.txt,-45.465250440754744,-44.8898880144104,-45.7479695816165,-49.089357874204175
111211.txt,-47.15004811543784,-47.07211482485213,-49.67838680199566,-46.58656995463375
111413.txt,-48.63195581506161,-48.994688740524104,-50.60766470612833,-49.73512354917678
111716.txt,-48.282690715870146,-49.02786444058232,-48.824384683850134,-49.438593593844686
112112.txt,-49.99340899717719,-47.86795793981226,-48.77949373824114,-47.92443637699956
112314.txt,-49.21531704806036,-49.01785435004291,-49.21585655389611,-47.49111410656754
112516.txt,-47.372120589903275,-50.525185120296825,-50.17125668461538,-50.04883307483127
112920.txt,-49.3210074088382,-44.35941319176992,-47.767759832540165,-47.83578655799434
113316.txt,-48.358329220321814,-51.76384647129379,-48.582862574372626,-47.07806424424504
113922.txt,-46.55237882673008,-46.950742030715936,-47.736506955069935,-48.471143187227405
114217.txt,-46.73604210898013,-47.28692918589785,-48.91671453626532,-47.485890611811314
114318.txt,-48.06925720652723,-49.99079885965481,-51.749391763918226,-50.077989840336436
114419.txt,-45.50487577869648,-45.138617584004884,-50.553788812862315,-49.63600696058221
114621.txt,-45.227131050281265,-46.697505378474474,-45.48839124327307,-49.44465869683904
114823.txt,-47.15116166015125,-48.4575380900669,-47.557743139999474,-47.77984771433286
115017.txt,-46.052148188660716,-47.044621588060906,-45.60649304907444,-44.86781551560871
115219.txt,-47.9166625275263,-46.73478154055201,-49.89726420503229,-46.60372223672933
115724.txt,-47.10610339022592,-48.24199951925147,-48.24496951114204,-46.74258466873047
115825.txt,-43.75252150359832,-46.256179746637706,-43.6291339041778,-45.18657640103284
116524.txt,-48.05354479429893,-47.36198411332743,-49.202720541365466,-57.39385080171041
116726.txt,-48.85525677072728,-48.15111911825474,-49.00512359275187,-50.278939744990964
117021.txt,-46.166510138652946,-47.15702444055142,-46.71121392392852,-47.72274324665721
117930.txt,-46.0765037052467,-49.239391565564205,-47.685262449854136,-47.386127348113526
118023.txt,-45.13676178193391,-45.25172514191369,-44.9924413930237,-43.33915103801861
118124.txt,-47.845784099173834,-48.97297847543082,-49.04695363800962,-47.94742602827428
118225.txt,-48.67828044068994,-50.27042258920445,-50.53356483194156,-50.41550582826144
118528.txt,-50.07371465865735,-49.954917867627145,-50.74800838757297,-48.417877328459525
118831.txt,-48.53039073917943,-46.578436970579155,-49.149355956727234,-47.14008729151483
119025.txt,-50.46601737726857,-51.075759558669006,-51.95797038206445,-51.14206083994578
119126.txt,-46.873097753729674,-48.282769719478274,-50.23936259195282,-51.09650703538352
120414.txt,-43.64354923805192,-45.34718486740462,-46.82382088158769,-45.34834484430669
120515.txt,-47.48397159216949,-49.954240939298096,-52.03837527300066,-50.09806057883588
120717.txt,-46.70002656754533,-46.992795411214125,-50.34588420043098,-47.80997321026866
121416.txt,-46.828317295741954,-46.31153592488435,-52.42592521569893,-50.608595297957336
121618.txt,-49.35177561629459,-49.642459069221104,-51.41391619241931,-50.72102441780378
121921.txt,-47.56986702236496,-48.14009200962198,-50.2191596538508,-49.09031846561603
122317.txt,-47.55544288290378,-50.57602954492973,-47.29165802901357,-48.10530773970522
122620.txt,-49.492314400679945,-49.80271552016828,-50.714574652166014,-48.97546556700439
122822.txt,-47.82517656891978,-49.155802190635995,-47.77953624223989,-46.97435868056464
123420.txt,-46.899020128167834,-47.68894563470723,-47.5581552618261,-47.18147188201507
123521.txt,-47.85114798127651,-49.63220164398252,-48.723460690796166,-48.70193026630237
123723.txt,-50.41930346636155,-49.845921715091066,-49.59346865242472,-46.669597352111325
123824.txt,-46.404485590117844,-46.904874803722755,-50.751163022629555,-50.028221730257364
123925.txt,-46.21664133732205,-45.83847308606683,-47.245699302156716,-47.34488784435581
124220.txt,-48.03552012089038,-48.13601108053294,-46.76776302356257,-48.347506769805804
124624.txt,-44.46866627822086,-49.186875995180394,-45.966045878630176,-45.46734867952041
124826.txt,-49.28324788434113,-48.70809102188426,-48.717142359377696,-49.212126090349436
125222.txt,-50.23844380104088,-50.870613986441505,-49.43101796746931,-48.819083377665095
125424.txt,-45.22047274698354,-45.176936552138095,-48.064537827639725,-46.52362503925809
126426.txt,-50.41163457769253,-50.03231820906172,-49.90974658591533,-49.757049188185505
126628.txt,-47.604998446387654,-44.539126673029976,-45.529302475775594,-48.01282967124856
127226.txt,-48.509836957202886,-48.28128733814107,-47.46879986546838,-48.562714567594604
127327.txt,-48.63411283391144,-48.05516222729558,-48.4463252784117,-48.50609188082052
127630.txt,-46.585312287302145,-48.30918585392214,-49.502729601630776,-51.18596602982207
127731.txt,-47.329762245524165,-46.98749104189001,-45.54733435739543,-47.565465539690486
127832.txt,-45.515516797531546,-44.4705047726519,-46.103815202391026,-44.36324194730495
128026.txt,-46.91768070640805,-44.50931971531234,-46.71985310901257,-46.368619549546274
128127.txt,-53.73918227457086,-49.574931631068786,-48.159458242538115,-48.42153251198975
128935.txt,-47.14213247450481,-46.56372822258989,-46.85875325405608,-46.22663490714019
129129.txt,-47.23087129190722,-49.62336671281395,-47.35661588441932,-48.93402902537162
129331.txt,-46.061718734797374,-48.23380774000434,-45.88804825106529,-45.125034694762036
129634.txt,-48.69916382140675,-47.63422046176136,-50.778841000016136,-46.334698682304776
130114.txt,-46.82300039522164,-47.05410206994859,-45.45400893788983,-48.83070398177248
130316.txt,-50.2829465456964,-46.64256997769062,-48.538331416836094,-46.853874526092405
130417.txt,-49.50106820762277,-47.78027619465467,-48.253981605523315,-49.02281568660458
130518.txt,-48.340764042046466,-47.981188623756864,-47.19152954176902,-55.67655864308204
130619.txt,-46.72858684981133,-46.76609686859888,-47.38949129563921,-46.65168054756272
130720.txt,-47.702545198664154,-47.56361477897578,-47.87943230021094,-45.77048490298216
130821.txt,-46.88864393061032,-46.038532555024034,-45.732432097599585,-46.29559578247503
131217.txt,-47.634468060197584,-49.67635096070393,-49.51757606261204,-48.72956192121412
131419.txt,-49.27233047669468,-49.02169472129677,-48.93440976351462,-47.28364217872738
131722.txt,-46.65648047020489,-47.932527100662966,-48.320564866610795,-46.91149982032411
131823.txt,-43.20928854502726,-43.95911250450344,-44.30097569006387,-45.40575941562154
132017.txt,-47.10267859993396,-47.76145626490488,-48.03552861619206,-47.090194129555236
132118.txt,-48.63426554535212,-49.06061987545516,-50.350864513613345,-51.13767538279289
133019.txt,-43.56456263438494,-44.78361336781905,-45.35015168792579,-46.50369669671168
134021.txt,-45.98395712770333,-46.08530401827171,-48.23495182631554,-47.172869350684145
134223.txt,-46.88550364380598,-46.18783664161625,-48.02331839410708,-48.40017905791181
134425.txt,-47.68694568782028,-49.361239095676154,-47.53308377391422,-48.02557177058914
134627.txt,-47.06543314683323,-44.053661615232095,-46.55566310742942,-46.72670375891693
134728.txt,-46.30237177793523,-45.39114075619165,-45.02162050248384,-47.07847690508814
134829.txt,-45.79943070445689,-48.52561724936223,-47.34314958316954,-46.162397049441715
135124.txt,-44.48700749213448,-43.99411484855243,-47.918497912297745,-45.088074468061265
135225.txt,-43.50823335174304,-47.26750157583474,-46.28630745081143,-44.55895698109413
135528.txt,-49.135731550320756,-47.84665165962718,-48.70481181122822,-45.035317710712974
135629.txt,-47.03423690296078,-48.30338114912411,-46.811132515705204,-46.83005907660535
135730.txt,-44.71472395045825,-46.56211363948693,-48.801894757505146,-48.40818959589654
136126.txt,-50.42481489753131,-48.4301582249919,-50.46668617248555,-49.24442255586656
136227.txt,-47.89086132572753,-49.9131546541865,-48.399686917762274,-46.7240484195496
136631.txt,-47.37825549658311,-49.481257188059246,-47.25611122990476,-47.5173191118375
136732.txt,-47.6995615799188,-48.4346486919677,-49.50465864944993,-47.91957223668498
137027.txt,-47.630502206265376,-50.6729279804782,-50.75834814935783,-49.51576626725359
137229.txt,-49.007908916460096,-49.73571731605617,-50.130729320708184,-49.68088453260661
137431.txt,-47.37483494047867,-47.88959270396668,-48.64937606053672,-46.978760880476344
137532.txt,-44.79307201992806,-44.183473825871395,-48.107787206928876,-45.67964054258944
137633.txt,-45.184364226791196,-48.1799178130902,-44.45730623564112,-43.57064279841218
137936.txt,-45.380099556411444,-45.51968132691339,-45.28366550355034,-45.81473690613715
138130.txt,-49.688840830855334,-49.436919695844324,-48.65710305221413,-48.200888336454966
138332.txt,-46.834413001944256,-49.94980678399004,-49.45772247376551,-47.485606405270694
138837.txt,-47.7405388762116,-48.67562656638113,-49.81252638924693,-47.13714015107712
139233.txt,-48.695427994844785,-48.569170939833164,-49.01677903744922,-46.3823318368177
139435.txt,-52.73414809769697,-48.508095048171164,-51.254754965385594,-49.702849465756856
139839.txt,-50.621184373071465,-50.133584819321335,-50.93940767130098,-50.61987898458236
140117.txt,-49.13335753889882,-47.84780797485897,-47.58140057889574,-47.316155852789365
140319.txt,-47.697064833163395,-46.91171867766038,-48.453257969803936,-47.10658366386934
140824.txt,-47.13403220445928,-46.964355338639194,-50.930915918366566,-47.32282353853519
140925.txt,-44.760871267647666,-44.20870826127821,-63.64450535240593,-45.628661148258956
141119.txt,-47.29327029678864,-47.73711632096673,-47.9191835164281,-47.653812196625296
141422.txt,-47.40967399854487,-47.95804986474262,-49.82470634431822,-49.621016539077935
141826.txt,-48.697386084751294,-47.839518362036884,-49.09709414368145,-46.48147134976255
143224.txt,-44.717997992164605,-45.64454398786226,-46.436744966165996,-45.30540920621452
143426.txt,-46.99398258165355,-47.472735793135705,-47.42569867164325,-48.511795488909094
143830.txt,-48.364580022704786,-48.01689143494697,-49.37790324083412,-49.24758925121641
144125.txt,-44.450111994077794,-45.75498357732505,-46.104917830600385,-46.49366834935298
144731.txt,-43.798124700453016,-46.52092855562859,-48.01987627590677,-46.036815767756345
144832.txt,-48.94311773032539,-47.06257556578462,-48.66654552868629,-46.05585632465771
144933.txt,-47.72003539338574,-47.96527052877039,-46.76645217114596,-48.7090587804214
145127.txt,-49.02820284775411,-47.52692703939429,-49.101382588426965,-48.018081678964954
145632.txt,-49.835558050283595,-49.16198277784007,-46.970393336123095,-48.92898277753472
145834.txt,-45.59853651361678,-45.71018034739429,-46.13867076626216,-48.06220544336863
146129.txt,-47.10702085336593,-46.738323582112756,-50.352725692125844,-50.29801736625068
146331.txt,-48.950877320470056,-48.92409733627649,-47.54511849284711,-49.673456474128145
146432.txt,-46.70876207437654,-45.838995178730556,-47.628631686335396,-46.984249998207645
146533.txt,-49.23808553734381,-48.516244576379506,-48.10299333623535,-47.797434666411796
146735.txt,-49.680152299783394,-49.68807074926377,-49.98552580523918,-49.695176581930475
146836.txt,-48.74286453810288,-48.56224073145787,-50.32802420290901,-48.1571060122657
146937.txt,-48.4554012407118,-47.36883964652608,-48.09807101334997,-47.86085622980394
147030.txt,-47.00195380829517,-49.21207276478511,-48.841745927685274,-46.38001974457367
147636.txt,-51.08393558196647,-48.453175955308375,-48.156721281752844,-50.5072777932013
147737.txt,-48.52309951211315,-49.91337619702044,-49.846502245647414,-48.46311044933966
148133.txt,-49.11653036983988,-48.680683544534055,-48.94659595864829,-48.25892963617835
148335.txt,-49.75218178628193,-49.920728724669715,-49.93171709796787,-50.004324358436214
148436.txt,-45.54154195095334,-47.128891093872056,-48.90767881746546,-48.38904022864269
148840.txt,-45.729068948728525,-49.11370307493554,-49.50202682534403,-49.77114954082062
148941.txt,-48.554503784909066,-48.032172268146105,-47.04293023017881,-47.08782403095841
149236.txt,-48.459379156331735,-49.051142573728164,-47.115488568258236,-45.98799022913242
149741.txt,-48.30525285819368,-49.17509649490763,-48.36599781393498,-48.88450122756978
149842.txt,-47.67487763838453,-46.28924755141276,-49.161965729155185,-47.35919846392872
150625.txt,-47.31936725825116,-46.737220474238384,-49.497944318217236,-49.100704627222086
150726.txt,-45.98993312265543,-47.58385284030768,-47.69157342944786,-49.12115538398296
150928.txt,-47.693501854449465,-45.80491694891357,-47.68320805444211,-48.16147457915037
151324.txt,-50.30314327939105,-49.305750614125515,-48.497262461741045,-49.75502540684602
151425.txt,-49.07811256817906,-48.71874355623535,-48.69605525926911,-49.866488727082945
151728.txt,-49.525044569473806,-46.924109462058006,-47.55772425402022,-47.50831458351875
151829.txt,-49.24279575811008,-49.40317958348476,-48.41619889748851,-49.64250806992348
151930.txt,-46.80324299401173,-47.30196684707063,-47.95224484392727,-46.92049566926473
152225.txt,-48.450801879571614,-46.25887852099412,-46.703986101685935,-47.31644493090136
152427.txt,-45.887562964919596,-46.85598274602977,-48.28233766982623,-46.78540638816515
152831.txt,-46.417924729014935,-48.06760510612507,-46.56436263574361,-46.579614919458685
153025.txt,-44.8443196403411,-45.90531474204674,-46.38867656957827,-44.77721145940949
153126.txt,-48.514790183672474,-49.650663419172915,-49.6087509580533,-47.81609718564717
153227.txt,-48.80546823170956,-49.569314017647066,-48.71323149219289,-49.10964488195503
153631.txt,-45.85951227076706,-48.09987713637515,-48.02683902060117,-49.364954232230275
153732.txt,-47.455542871993565,-46.25994633865734,-47.513710514428816,-46.99885444444082
153833.txt,-45.683364156266265,-46.10475156247868,-49.30211510259487,-48.54234651798118
153934.txt,-44.907358492624276,-45.11590467366658,-49.39679923160272,-45.66679829767598
154229.txt,-47.02874316277754,-48.8755065889489,-48.144927553295894,-48.49438321023396
154330.txt,-45.675925971088375,-48.67539092369805,-46.30004224154419,-46.5535455655597
154532.txt,-50.669587403852574,-52.2879754036154,-50.013547048944,-50.01048884229047
154734.txt,-45.6793180093424,-47.30537377110074,-47.41602968054313,-47.53841564907764
154835.txt,-49.63063803786909,-47.81202836227933,-48.94894183213455,-49.72141215037066
154936.txt,-49.91474777004134,-50.88146961314515,-50.73099742408137,-52.94536254640291
155635.txt,-48.0000202007972,-47.14251373915725,-49.52654654461009,-48.613841655302075
155938.txt,-46.145603710155946,-46.62314394023386,-48.33546000102208,-47.48910497097711
156031.txt,-47.36402476337959,-48.82132453865293,-46.835940384958846,-47.243803756625915
156435.txt,-46.878578745282354,-43.097023646222,-43.1159151998997,-44.955722960247186
156536.txt,-47.7418995424393,-49.35311839295068,-48.33091356343694,-45.77539087562901
157437.txt,-44.474898474797314,-44.97318917827523,-46.10148488403926,-44.32437073248903
157942.txt,-45.952046543154246,-45.146266320649545,-46.27056935459072,-45.92784248093025
158136.txt,-48.97439368958826,-48.13986094142181,-50.38531662273131,-47.54411385884983
158338.txt,-52.65681199222444,-50.00025248585022,-49.71264732585714,-50.70060941177384
158843.txt,-50.10789129062526,-49.573364203862496,-49.35395951965407,-48.38204086059212
159138.txt,-47.44550225634722,-46.69623285308203,-47.82341817735085,-48.66663746436345
159340.txt,-46.769251357786395,-50.50559996120818,-50.08544030581453,-49.117570804201954
159441.txt,-48.27971997319702,-49.44939014124634,-50.231459254532396,-51.52267532841053
159744.txt,-49.41580140861954,-50.150657335081284,-48.96658163635369,-49.20849472205776
160729.txt,-48.44066444960349,-49.882020184139996,-47.40313362430456,-48.44769289215678
160830.txt,-49.01564448327242,-47.01977751195785,-48.489800707373,-48.67312402922803
161630.txt,-49.79368167400853,-48.73751522965645,-49.07856252762347,-50.573587617994285
161832.txt,-47.74520882867422,-48.75689219601598,-47.34271000747876,-50.08044191470243
162026.txt,-48.717283004005054,-46.98279478280652,-50.03963407349303,-48.99817657912249
162228.txt,-50.99415853649565,-49.84467722149146,-49.46852537846763,-51.26447236709294
162733.txt,-47.314351933932976,-45.962675831453474,-48.11767099868138,-48.095779252106404
162935.txt,-48.64720990543662,-47.81042864433925,-48.52734491027508,-49.685198444430824
163129.txt,-45.71947951289747,-45.58694939447333,-47.1597103756618,-45.30881707943053
163331.txt,-45.49703541949721,-49.37460274497162,-48.33952578123426,-48.750456842824434
163836.txt,-48.370531897467686,-48.72821785443529,-49.72647181627622,-49.94882991202795
164030.txt,-49.75474937212119,-49.96962027822039,-48.81614362012897,-48.567149564304884
164131.txt,-47.78564249410687,-50.11106382863897,-46.68902302969355,-48.72684852299738
164636.txt,-47.560313775140564,-47.44516924670864,-48.70440351044062,-47.34702378345999
164939.txt,-47.52200128525124,-48.27558410399506,-45.728073626852165,-46.39474525523031
165032.txt,-46.379361986402834,-44.52140754019037,-46.4802543069499,-48.825055497113134
165436.txt,-50.32264966941671,-48.486060212338295,-49.59281228512862,-49.14802147936577
165638.txt,-49.00708478987142,-47.868186851200775,-48.36340064632976,-48.81979602202876
165941.txt,-47.977798794260394,-48.29886287979196,-46.5458723117981,-46.48562966472071
166438.txt,-46.21807117054594,-46.909016421007706,-46.5594791462068,-47.47802499305611
166640.txt,-45.995969955348926,-44.46550024673961,-45.775644366802105,-46.309273864928144
167036.txt,-49.00976876889638,-49.184300462103224,-48.84186880792097,-49.10053855273526
167238.txt,-47.040721568061095,-49.13880268241686,-50.41434007851833,-48.10580463919175
167440.txt,-46.66275036096801,-47.55854348529806,-48.15924950909314,-45.05028112619148
168139.txt,-52.98141234987819,-51.750374858501736,-51.578935026140805,-53.11287460695588
168240.txt,-48.485623664546644,-47.99439161639935,-48.19185118044505,-48.533833955510964
168341.txt,-48.347705636974084,-49.51775688943093,-46.61992057443144,-46.249958652885674
168745.txt,-50.970997683243425,-51.08620255390318,-50.635970016923636,-50.26447800466084
168947.txt,-50.55874971031292,-52.715945325577806,-51.48008793270555,-51.72535625946913
169040.txt,-48.4349776958246,-50.47124900877849,-46.29403698837102,-48.79423264860836
169444.txt,-47.548747749134215,-48.09278900094846,-44.94979489618492,-47.37334175444328
169545.txt,-49.4712870258745,-48.508917111781145,-52.16257906815337,-49.848736413348284
169949.txt,-46.51278494258101,-49.5630214211736,-47.05999876109306,-48.41572519217724
170631.txt,-47.122073303252094,-46.651564715234365,-50.026817718445564,-46.484523756609086
171330.txt,-47.70832957045827,-49.297395241253106,-48.389351032009834,-48.18900168416244
171532.txt,-47.13085286533453,-47.716954357608074,-50.44507611944356,-48.26775746847071
171633.txt,-50.12205649539569,-48.61288886162171,-50.46599588712744,-51.292091828805724
172029.txt,-49.54914035968269,-50.357118341282145,-49.077507981705544,-49.34927611363037
172130.txt,-46.61134020937967,-46.4824096542834,-45.792055463053345,-47.189246715973376
172433.txt,-46.61981119145732,-46.035118706848216,-49.43098176513474,-46.144249463770706
172534.txt,-43.80622645762148,-46.66423184315288,-43.86428791354223,-47.217897994285366
172938.txt,-47.6552627116084,-48.09234505680036,-49.469553958407296,-48.440760826698664
173334.txt,-46.213558317399084,-45.97057944430881,-47.65908606803949,-49.752809149302664
173435.txt,-47.56785911674684,-46.59621061144284,-48.03983666466136,-45.26739621016398
173536.txt,-45.84275648284007,-47.66136444550646,-49.14906669889267,-48.50815659236958
173637.txt,-49.320006606897,-47.09167533094233,-50.08162323158322,-45.65126620576879
173738.txt,-47.83633588526514,-45.742636426572155,-48.24908930921373,-48.230386386510304
173839.txt,-47.190548020595585,-44.628626743996826,-45.76156034579253,-45.59192534183171
173940.txt,-47.91509287537128,-47.952472677350436,-49.419635659957436,-46.30961910710731
174841.txt,-48.450922468986754,-48.581745460391815,-47.61114214663941,-46.78608290608617
175035.txt,-49.045953758240934,-48.58181006291713,-52.0388279496286,-46.42947719761001
175136.txt,-49.229811830094974,-48.94828242656176,-49.520498376658225,-50.065738044922504
175237.txt,-47.11047050507572,-47.231814438285426,-48.83275833261948,-49.70379273405621
175338.txt,-50.881300190814166,-50.56688748240807,-51.605391123158874,-52.522214326611625
175540.txt,-44.55877921670692,-47.66877318008597,-46.73109302075429,-49.0657252689083
175742.txt,-50.472623767985205,-49.11402174515978,-49.99072791433167,-48.95098398934215
176037.txt,-48.20266005677992,-48.82222468188391,-49.308101452211204,-48.87265051475774
176239.txt,-44.628703553300284,-45.62118976386332,-47.4979704073383,-45.52971019528154
176441.txt,-48.48657458203026,-50.11771515954348,-49.37915030830557,-46.84205716874754
176744.txt,-48.20703514987091,-48.120352943224155,-52.69131237193251,-47.750346808221295
176845.txt,-45.500298594005535,-43.931417107049214,-47.03493969555468,-46.18233048575012
177140.txt,-47.903333821177405,-49.96964803129801,-48.643096293971816,-49.154884220583945
177241.txt,-47.83565954976946,-46.68292247481447,-47.1518232667036,-47.12438864190736
177645.txt,-50.61472063967232,-49.817477265494915,-48.34196485371369,-47.47028445999135
178142.txt,-47.69827211848356,-48.32649062203291,-46.333820352288946,-46.247249476756586
178243.txt,-45.801729812654706,-48.35386501281796,-47.98663058391191,-47.969982308807595
178647.txt,-48.20382293210252,-47.85958048623662,-49.38420281983043,-47.78191652458263
178748.txt,-48.932572817188024,-50.44724787879062,-50.19489435881946,-46.1892230582213
178849.txt,-47.52665885249831,-49.42863010163783,-49.95288608607135,-47.201099601054544
178950.txt,-49.07160053482226,-47.8717677572777,-48.373545164772416,-47.09845466665416
179245.txt,-45.3064935744223,-46.67410661271577,-45.770883398224925,-45.655789131863976
179346.txt,-50.69143146071972,-49.84376883182176,-51.59944236738335,-48.683262593441626
180129.txt,-49.69788803880559,-49.66388067542107,-49.854713916308214,-48.04511817012711
180230.txt,-47.23211808500374,-48.361188194348564,-48.106148961661916,-46.50711358663032
180432.txt,-48.61487397050742,-47.17056013943967,-48.00337264656669,-47.85993221847603
180533.txt,-47.06926415204889,-48.07368776913693,-47.166816147002706,-47.12569214743342
180735.txt,-44.62069187722836,-46.34493545986406,-48.042382083144744,-47.404520707866894
180836.txt,-44.905638030127434,-43.80916862247934,-49.18901455252215,-49.76814554591938
180937.txt,-50.82182029877927,-48.812209968782675,-50.41837007243892,-49.18540155829695
181131.txt,-46.721136067251656,-47.78699281255064,-49.19797889113428,-45.88457649994873
181232.txt,-48.250209313890515,-48.85624509581523,-48.5297348937423,-49.25683991021834
181636.txt,-45.994371546101796,-45.65947791253577,-46.369381559960786,-45.56101382651922
182032.txt,-42.9850494577667,-43.820726637289496,-45.79520080396937,-44.72284144758403
182436.txt,-48.06595555892982,-48.10175230326587,-48.77136489719576,-46.22085709241377
183034.txt,-47.427167086285266,-49.76362855450029,-49.30388116074178,-47.77779464743011
185038.txt,-45.35296123707142,-46.561647230882606,-45.084993500889745,-44.837843489129625
185341.txt,-48.95854866027423,-48.92602595859503,-49.67703744765938,-50.47576464403671
185442.txt,-48.143910878556625,-49.97103599826858,-50.14640343468424,-50.84909543934647
185846.txt,-49.256742097570175,-52.26348076186166,-51.2188622200109,-48.68665525275109
185947.txt,-45.892135808696764,-45.09057722465025,-48.174956323046764,-48.34026642053134
186040.txt,-49.74510572080384,-48.35546963002574,-51.12895518439288,-48.331868827727945
186141.txt,-47.12002318786408,-48.146577070612324,-48.970381255134804,-49.93444537219614
186444.txt,-43.941984028550635,-43.76503940235416,-47.37877879423027,-48.19276504912634
186545.txt,-45.97882530620041,-47.49168360895355,-47.29637521454059,-47.43351881003102
186848.txt,-48.38585448266092,-48.875570633466424,-50.2617776662602,-50.010143682430666
187143.txt,-48.849369803996794,-47.673830872738584,-49.13970850930953,-48.469946136927454
187345.txt,-44.17078063065077,-45.433947138659484,-46.134456912969306,-46.36418708744137
187547.txt,-47.17413455444453,-45.0440781352178,-47.99048208995428,-46.44703472820564
187850.txt,-47.06290359114426,-47.27491128691523,-48.722934001875146,-47.04921453258753
188145.txt,-47.556020002427495,-48.47412709640496,-48.621511803984404,-50.13606304775401
188347.txt,-45.064796637332556,-46.876323269739174,-48.96291524590882,-44.47783422366243
188448.txt,-46.884122041320076,-45.40889022707552,-51.155911829858574,-48.630893619461254
188549.txt,-48.22405310363678,-46.920571070230444,-46.17082259309249,-48.47726630015705
188751.txt,-46.23057334674945,-48.99824220017413,-49.86202232257468,-48.451430245827446
189349.txt,-49.55163705522927,-48.91279981805578,-48.318988469355176,-49.69824590271598
189450.txt,-46.78957185037102,-46.61893468736634,-47.601836147256996,-47.885992235339124
189652.txt,-51.16676920247351,-50.48371762320918,-49.31175771174398,-49.432644720580406
191033.txt,-45.02727447344589,-49.28889092775144,-49.74461115550353,-51.15273455856572
191235.txt,-47.19216708017129,-47.428929228249714,-47.339531935341114,-47.69119036841724
191336.txt,-48.401578400921295,-47.24238979972062,-48.99653592558224,-46.25190323231587
191841.txt,-47.811906058170706,-47.67211997455418,-46.41317644506666,-47.40249968402408
191942.txt,-47.01218459759532,-48.07912621037818,-47.78133014785583,-47.05081489153617
192035.txt,-49.75144056585685,-48.8252257627797,-49.58860014328289,-52.029526103002304
192136.txt,-48.160388393551465,-48.953651756849226,-50.783657039525686,-46.96509950424645
192237.txt,-48.82288467303308,-79.5212810753923,-49.821102226992224,-48.81778569188172
192641.txt,-46.0589424091636,-48.19394231563953,-49.08149672764283,-48.76287726992354
192843.txt,-47.73107322352125,-47.98442285043523,-48.32541808179408,-48.48676521601167
193845.txt,-47.28473173378782,-47.25908329907393,-45.20130229221634,-48.880066052150845
194443.txt,-45.55083284281502,-47.36405136307074,-48.97366414483721,-49.360050103617766
194645.txt,-48.82674516361748,-45.79732164523315,-50.96365420015411,-53.60363394104572
194746.txt,-47.77868817548027,-47.63125856308354,-47.84515672577802,-47.32673307660962
194847.txt,-46.87395281318633,-48.733126879246896,-47.92060812318677,-47.083285635247066
195041.txt,-48.12045065708858,-48.736526863322794,-49.345615268705174,-50.309241101660795
195445.txt,-48.31979798327953,-48.7016274405189,-48.28447357178467,-47.93446767943311
195849.txt,-49.982450138315514,-50.219069460776055,-50.65050166160028,-51.183396825375496
195950.txt,-50.196251432507125,-48.32587035208216,-50.25688276760787,-50.62027932408283
196346.txt,-48.633091500667945,-47.78620206881787,-46.86836565674926,-48.62904759762534
197348.txt,-47.31985550827744,-48.33637627401946,-47.82585317261363,-48.186653702753134
198047.txt,-45.16423106771917,-47.46459291619656,-49.004731095072444,-47.28030117481882
198249.txt,-48.41611684385203,-48.4434692531448,-48.3007189280977,-47.849080924166486
198350.txt,-45.58213653694195,-46.24788278359684,-46.992886742711775,-48.379575331139804
198653.txt,-44.553930886786624,-47.2029823909794,-45.39875202989047,-45.08226088085787
198855.txt,-49.69419681681775,-49.290550941007645,-48.32716366775823,-47.425197316567555
199352.txt,-46.528545978771156,-47.55773225456495,-46.82237698765524,-46.80041673369405
199453.txt,-46.97716437876707,-45.37983453592495,-48.87855856457338,-48.21812005615899
199958.txt,-48.33943177909054,-48.86271592933742,-47.35538265130887,-47.55786734058122
200008.txt,-48.199506336531485,-50.329552517428155,-50.787582619376074,-49.5871397860822
200109.txt,-46.79022921015662,-47.148068189317016,-48.31158016200841,-49.422557542464325
200311.txt,-48.61466278907992,-47.80519292219574,-47.21092481183184,-47.73246376059538
200513.txt,-49.96569188781382,-46.55873130727949,-48.34288084486948,-49.81330995326881
200917.txt,-44.642096654053915,-45.154058486694495,-44.72193853097073,-43.67087041072737
201414.txt,-46.69237040027322,-46.041650964433416,-47.252620269916044,-45.52040212900633
201515.txt,-47.92972436471581,-48.37631980061035,-48.263741704949474,-47.57682123151905
201818.txt,-50.43878305395411,-50.33510113330438,-51.05614980386999,-49.65618890781848
202113.txt,-45.94546982086152,-45.90476349913263,-47.48835141636943,-48.567000084888306
202719.txt,-47.50241243885066,-47.92502230258883,-48.62630016558781,-47.81760705373439
203418.txt,-49.271867854958046,-48.958909112349055,-50.02429362401839,-49.22569969477883
203923.txt,-46.55087642760625,-45.9265977554279,-46.633035462920674,-48.06561034126389
204016.txt,-49.79266796172474,-48.54553775641566,-49.14092530035364,-49.63302455340476
204218.txt,-49.75740944730089,-50.47125818770248,-48.95823406474506,-50.234362389782085
204319.txt,-46.066416642733614,-45.19371400201032,-46.79913103965589,-45.61957606308087
204420.txt,-46.75085580815934,-47.87850522670286,-50.66119444904531,-49.27068900903423
204521.txt,-48.790110701583096,-48.03794894537379,-48.77152678434784,-49.0385633387037
204622.txt,-51.0747117248043,-49.609307848591904,-49.208488029600495,-45.458929443007065
205220.txt,-43.2962559161802,-44.440201299148505,-46.195255902336044,-46.24749146113126
206222.txt,-46.66271049654675,-45.10465067952131,-47.51465742206593,-48.99392618789568
206323.txt,-50.136517515711226,-49.23142621160346,-49.263482888290106,-49.11071851628989
206525.txt,-50.402204627494065,-47.349376200204134,-49.284417216064675,-49.5001817673458
206727.txt,-48.34363165064509,-49.07244202332515,-49.145266970917405,-48.502336784502454
206828.txt,-49.037676002849835,-50.002319182313435,-48.942211595265505,-46.146775153661466
206929.txt,-48.44018011036147,-46.62407853490181,-47.4736170053246,-48.60374506092939
207123.txt,-48.77473475068396,-48.32172402011975,-48.75714674542707,-49.24785183563597
207426.txt,-47.30578257775413,-48.87983426698369,-49.55267079193833,-50.40078412701555
208024.txt,-49.36304010697594,-49.70939188824406,-47.68089207675748,-47.8833620717676
208125.txt,-49.25505926096776,-47.646417804644415,-48.11798743144228,-47.74533513464083
208327.txt,-51.12314859206528,-52.4519013901782,-49.4281878198876,-50.82761033948891
208630.txt,-47.97390292199121,-45.48856117609034,-45.74938130629795,-48.825276393364994
209127.txt,-46.577304778833735,-46.72546257745492,-47.76182775115152,-47.74921707631205
209228.txt,-49.15236398253116,-47.74229510873579,-48.613481393984266,-49.26127860423888
209329.txt,-47.157356304308294,-48.69152043041704,-48.47972893416881,-48.33129233729955
209834.txt,-48.287858037373574,-49.12170449695261,-50.12014681941065,-49.42764059434707
210011.txt,-48.479103629530876,-48.1427822487584,-48.28146477365674,-46.71774350406803
210112.txt,-46.25261134353577,-47.7577060522816,-47.313075610717,-47.52264821706862
210415.txt,-46.47549734557682,-47.82030991690236,-49.53530252981547,-49.27978896166858
211114.txt,-46.43090386455016,-48.054760606195885,-49.345429139050474,-48.53632882380754
211215.txt,-47.04793779941324,-45.38132828182001,-46.18285206235542,-48.44386076251462
211316.txt,-46.61545395229103,-48.304318400657976,-49.20471901265365,-51.89021520576099
211619.txt,-49.07171370492458,-45.9045569916781,-47.81369605250238,-45.81865044644153
211720.txt,-49.7659414482829,-47.09465537701677,-49.47319052217021,-47.46268923149305
211821.txt,-48.453728907830296,-47.9059807432235,-51.32460854689883,-48.87345859236073
211922.txt,-48.98763796351387,-49.3574751030847,-48.98443872532985,-48.11766674979301
212015.txt,-46.830904095912814,-50.99256187334935,-51.12046764740651,-49.002537941898694
212116.txt,-49.517569382077845,-48.70011249726219,-48.517929828640725,-48.12101527799138
212217.txt,-49.36321244178694,-49.85622606725563,-49.819853685339424,-49.16957536667803
212419.txt,-46.10978907689301,-46.92153474186818,-48.98649083461319,-53.58493690438449
212823.txt,-47.52349503462146,-49.65471409550507,-49.16011649282315,-47.603467930903776
213017.txt,-47.57915976205962,-49.987379378392504,-51.59950448779357,-50.58508953581089
213421.txt,-44.3583739614083,-47.17071906984911,-47.50812964522644,-46.06814228195316
213522.txt,-46.61070614961282,-48.132119547068406,-47.75546813157614,-49.455544993619135
214524.txt,-49.66407597320792,-50.297662992893635,-48.23547208030975,-48.125035650029304
214625.txt,-48.89922880680636,-46.259781233275035,-44.04583623057059,-46.930057359614096
214726.txt,-47.208567418486375,-47.0920243813843,-49.55311794008457,-48.19666016251757
217126.txt,-48.96335486072841,-47.03513279232061,-48.56875969061759,-46.64103942132869
219231.txt,-48.48893617890433,-48.88938443656785,-48.496940989826314,-49.30745724241242
220721.txt,-50.625287619139705,-51.23432829671608,-51.09288052591622,-50.82725578488237
223929.txt,-45.06589894728327,-44.656472450260054,-47.35692464865314,-48.5400482188601
227432.txt,-48.98521891010383,-48.22200677648858,-49.49086153182775,-50.07994247607528
227533.txt,-49.35352340172025,-50.27826915046714,-50.444395326501336,-47.82388168616285
228434.txt,-45.93359304717776,-45.32511194264116,-45.8877057493508,-49.39591338634376
231928.txt,-47.78795599397583,-47.9431717747354,-48.29532753079112,-48.86945586980895
233326.txt,-46.68815027620862,-46.38341261681172,-48.67127060525791,-45.715122846569166
236130.txt,-47.13315233530582,-47.04880484711952,-47.34273254279772,-45.219629828013716
237334.txt,-47.219468950225114,-47.576129858460895,-48.46010165182106,-47.8226510786606
238033.txt,-48.800193059836225,-49.46433533042409,-48.48915667582428,-48.163986630474135
239136.txt,-48.26604536554293,-48.88597450161754,-48.887942572765375,-50.07871968350149
248339.txt,-51.87462621188445,-47.46657678905478,-48.05907311733865,-48.811007745099005
250932.txt,-48.45401672044608,-45.9185702457692,-50.26817081560584,-49.923326983437036
255740.txt,-46.92192256378638,-46.30446120487925,-47.51645410126758,-45.55553004473406
256540.txt,-47.05443739447981,-45.81665632673921,-48.618558383474216,-46.71759110974362
257542.txt,-48.07504384613183,-47.909214709602956,-49.35378784445489,-49.7884240711145
257845.txt,-49.76984861198246,-49.84855495412581,-48.75770496955433,-47.79033214544776
257946.txt,-46.54785826365068,-45.4485606633382,-47.79372327683518,-47.725668773689186
263436.txt,-48.869581415958876,-47.56253632982285,-48.86470285491726,-49.92985997771592
268749.txt,-49.189571819146614,-46.09212062320862,-46.533636648292294,-48.856653966938005
268850.txt,-47.02535830029487,-47.13834327832741,-48.639622191656265,-48.12649713689232
270332.txt,-46.45347889834786,-48.59000362019989,-48.60980877045747,-48.92662456850413
274542.txt,-47.544349268561525,-48.03648492332737,-45.34618626011283,-46.521623563156815
275645.txt,-44.695171868340985,-45.13743609210303,-46.267562987366254,-45.08037686087293
280739.txt,-48.43706288623409,-49.791789379821374,-46.45459941964909,-46.13088370306232
280941.txt,-49.047173642093924,-48.392067414094576,-49.20555013917236,-48.936247922300666
281135.txt,-46.86710693510798,-47.38482954733476,-46.423846197034784,-47.55530842842735
283543.txt,-49.90225172593852,-47.77653795556512,-48.88203356572881,-50.78643790576904
285345.txt,-49.36955785725213,-49.88321460222034,-50.29219121036982,-48.83703259241292
285446.txt,-45.68680881713593,-48.07098099118188,-46.0959834420256,-47.43041639375709
286347.txt,-46.10544187830104,-45.63409623816863,-48.879751144585065,-48.80063436503568
286650.txt,-47.39838863289583,-49.32834488972167,-49.726913641945515,-49.55846471410272
287248.txt,-45.854308696493426,-46.625551206231535,-47.42305900571727,-47.57769909014223
289555.txt,-47.29673307755665,-47.953722928522055,-47.41318811416907,-46.252290366744695
290136.txt,-48.942427890748924,-47.85585151860742,-48.80031603788776,-48.77538268971011
295146.txt,-49.85157952608239,-51.132756945708294,-53.41153944721914,-49.427179929265414
297655.txt,-48.83306064433559,-47.71597831227069,-48.71344331027793,-47.87557422141849
298455.txt,-47.94869346961214,-47.278816121057524,-45.033872739571486,-46.60135642216355
299154.txt,-48.15424886746899,-47.64020707059491,-48.81318346382023,-48.60813642592859
299760.txt,-46.81854831910504,-47.722035132859254,-47.50621513381553,-47.28427540698495
300618.txt,-47.102747522792136,-50.403111109537605,-45.22438130066223,-45.96702705792572
300719.txt,-45.89854640736801,-45.75996626721576,-46.33134246287538,-47.20756380819506
303119.txt,-47.85179168268468,-48.24338480003033,-44.75664304769926,-45.66488874887623
303624.txt,-47.72706659495045,-45.954668233213134,-48.232981806920236,-48.776909333583596
304727.txt,-48.4673522693921,-47.57228572154117,-49.063505952224865,-48.36445403697373
305830.txt,-46.79443804275152,-46.56225770448302,-49.717517081399485,-48.11534866462475
308129.txt,-49.5050121278021,-49.66412232837204,-49.51554498743875,-49.72832572821556
308331.txt,-47.077102078760475,-46.29386610600996,-46.144689552835665,-50.25585513835819
309636.txt,-47.569832290395965,-47.09091150269372,-48.64221468642228,-48.16140935688447
310621.txt,-49.888077865135735,-48.72048820339574,-49.693810640579784,-50.290517022471604
311320.txt,-46.953859903955234,-46.81482149449205,-47.10016630041271,-46.78992223650006
314225.txt,-46.6854376082667,-45.72082054204019,-50.739219153342475,-48.47922190417875
316633.txt,-45.31853720112494,-47.01989857838073,-48.675590863195126,-48.25204981619439
316835.txt,-46.41414408555926,-47.0911640613252,-46.130137583104634,-44.59809966066461
318637.txt,-43.801850840767884,-50.07780021836806,-47.987397934729486,-49.112101120296174
320826.txt,-47.59072453362983,-48.659737722013006,-49.573609282972065,-47.472586577875
321323.txt,-47.353358853428425,-48.73793102861698,-46.97006217113255,-46.021436411746095
322224.txt,-47.53861483481391,-47.03711636982698,-46.76855765473864,-46.878393599370135
325129.txt,-47.250431397182744,-50.2920137423775,-49.82660323708271,-49.103511970549896
329844.txt,-45.92646371829003,-49.14476196996412,-49.611200939199314,-50.036838600533784
330324.txt,-50.54827078820007,-51.61632299078521,-49.92003915461524,-47.84224156348409
333330.txt,-47.97857144039917,-48.90128512379671,-50.35940290559344,-49.472104313919836
334635.txt,-43.18354004208177,-45.64676671519549,-47.80985896372784,-47.30874260421214
336841.txt,-47.706318725472826,-49.64462228567909,-48.89036816529964,-49.46879965847376
339847.txt,-48.33625392963022,-48.10098778769332,-46.007053921808485,-47.02661503305016
341834.txt,-47.43969285507503,-49.38511743812947,-48.114088703748386,-48.566396119048
342129.txt,-46.37928279217901,-46.57794979375158,-49.538427620301455,-47.913257793836564
346137.txt,-48.654951336620165,-49.86938170457027,-46.91987223189865,-49.045998775327234
346945.txt,-47.7726378297344,-47.132089159315626,-48.66563773023291,-47.66256440032208
348545.txt,-47.72369001890177,-47.30746734644945,-49.49283918709588,-49.145937709116794
349244.txt,-47.93067947404459,-47.837962276700964,-48.1119428048712,-47.22423923186981
350330.txt,-48.641150233775974,-49.046333930477935,-47.932752603475606,-50.200838071501394
352132.txt,-46.45932481528761,-46.25652231253635,-45.28923742817594,-46.6877008915547
352738.txt,-49.20401871580365,-50.47210404623351,-49.993731207859,-47.83877431023776
353740.txt,-48.60143516021583,-44.530374629756196,-50.336780051304345,-47.78183739519285
356948.txt,-46.04061143609456,-49.60170619523658,-47.26625450825476,-46.856847315382765
358144.txt,-46.46800324809103,-47.93939800526429,-46.87069714882539,-49.16294507608094
360030.txt,-47.62924459966646,-49.16878611338889,-50.6411181115672,-50.42472677933977
361234.txt,-44.59671424611211,-48.06016716518754,-47.34207949165787,-45.811308539398354
361941.txt,-47.25703621346811,-49.603917795606165,-47.813401167636364,-48.37609086306749
365343.txt,-46.608525154886735,-47.73569592375074,-49.16940566397096,-47.80918478305789
366042.txt,-46.792106823714924,-49.82003709999141,-47.94489560795988,-48.288037078135055
368551.txt,-47.69033621689112,-49.366462781701074,-49.09793832218372,-50.345849799702954
368753.txt,-48.72395034320775,-49.90367552569054,-47.4118752378629,-47.590973733395245
376247.txt,-47.45564064738311,-49.782392863396815,-48.67322562975383,-49.82645358060083
377451.txt,-47.5385582317582,-48.51015324067805,-48.63454739896044,-48.5415367268972
378756.txt,-47.912280830009045,-49.5105444210431,-52.62501248932616,-51.17646979899205
378857.txt,-47.40926329279393,-47.46169705823573,-46.27100026534687,-49.06409500781174
379657.txt,-48.947525351468535,-44.80293079051547,-47.82055275018431,-49.13616938873588
380036.txt,-46.7526281589965,-48.78276942196506,-48.168449955407375,-48.9004389210202
381038.txt,-46.646540133058636,-45.42595959370909,-48.12532856806256,-47.99330820337578
381543.txt,-44.00032237968952,-44.293744330560585,-45.13073600467877,-45.99261800862659
382242.txt,-48.66437958796729,-48.36466407718838,-49.334664577468736,-48.78840802668449
385046.txt,-51.750079686784886,-50.293874976837394,-50.389952084465534,-49.36964391912151
385450.txt,-46.978223991688154,-46.77926602927996,-46.82909526957919,-46.21207247291002
386250.txt,-47.55131746250565,-49.68054286321623,-50.72753220874122,-49.5411497266583
387959.txt,-48.65246278068868,-47.43235624472231,-45.59703172187015,-48.792953307838594
389357.txt,-47.900045833154216,-50.75742931826792,-47.357892599636486,-47.82287320964665
391748.txt,-48.40962104969207,-48.409202947279134,-58.2396371656689,-49.449554019140024
392447.txt,-48.81600336935649,-48.05866409654734,-46.7053154715122,-46.34086400059977
392750.txt,-48.78062242633545,-49.81083117781577,-49.872495213076775,-49.44537189115802
393247.txt,-47.69356533220764,-44.23103795535226,-48.61967018368082,-45.382257653792365
393550.txt,-46.226522186711875,-47.86152679310583,-47.35365074996919,-47.14065594811132
394956.txt,-45.87947820138533,-47.555773533876554,-48.155671731741094,-50.1176533761499
395251.txt,-48.60426187351824,-50.525472972736125,-49.70950362387099,-47.76447239288721
395756.txt,-48.121419528126374,-50.269339778894604,-48.4579420561966,-47.439850074406564
395958.txt,-47.953361862513376,-46.66950950649639,-48.95861999003683,-47.12913589202149
397154.txt,-50.283799716638825,-49.60027507297096,-47.61160810662683,-47.53345429391182
397861.txt,-46.99837702586512,-47.82903009692553,-47.486226100865025,-47.82905032388776
401422.txt,-47.02897272460791,-49.133388098506,-47.78219229707063,-48.78776814214892
406432.txt,-45.68108416661222,-44.22751383851452,-49.5359898093462,-48.34117114958317
406836.txt,-48.22595146938111,-47.86076224215787,-47.55200034256918,-45.86921371389753
412528.txt,-45.94253059022474,-47.24051973961429,-45.41073962789639,-47.751563372750304
413934.txt,-48.64384094204126,-49.93154239933063,-49.62628950156508,-50.260065549054644
415837.txt,-48.511628674751385,-50.282313625932204,-49.763867626336435,-51.917820529462645
419239.txt,-46.501820016591104,-46.5270145306363,-46.04042515088646,-46.19368893553693
421226.txt,-47.54210842041975,-47.3339851507083,-44.1612995950139,-48.66016456879138
422632.txt,-47.79647630855714,-48.7819783514807,-45.45767080796476,-46.17277399212294
424939.txt,-43.74174053500068,-44.64489410084907,-47.80668131566201,-48.936200212628634
432332.txt,-44.70838634299414,-44.492037811087165,-49.19163050100731,-48.87166212923848
433839.txt,-47.19428690474967,-48.21182509896535,-49.51734175839666,-49.91908799358214
436239.txt,-49.51503319847558,-50.21333848033839,-49.56685985708962,-50.04262172512313
436845.txt,-46.12439687479484,-47.38869912488708,-48.77035114648981,-47.53423075779459
441939.txt,-49.52877227739087,-48.90237518973265,-49.67856001001642,-48.60316085785154
445543.txt,-47.44344553139487,-47.72543411432677,-49.72783449977495,-47.39508501685735
449753.txt,-47.99493312337801,-47.00974257404901,-47.684870309894706,-45.51846469330222
453441.txt,-44.40943309741305,-42.89098412044179,-47.27192897458989,-44.14185961595089
453542.txt,-48.01249953922598,-47.67998698314101,-47.43828600774385,-46.50334253470615
454140.txt,-49.26123088043451,-46.84293457597728,-48.71175252618255,-48.94045735725848
456346.txt,-48.68298436514914,-49.000128177441326,-48.96796743875351,-48.62642713057039
459453.txt,-47.82909354027661,-47.745819002719315,-50.32211184596502,-48.7851956072763
461743.txt,-49.93981164155557,-49.70981840353383,-48.31478136205907,-46.03704110737961
463040.txt,-47.30686606323658,-47.49232239600421,-46.4420965270892,-46.78577666315596
465852.txt,-45.011303272516855,-47.27864895801728,-47.494979614778444,-45.18761621338888
467351.txt,-45.502859155666734,-47.061713956308665,-45.95730687217716,-44.34155734945151
468050.txt,-47.343714299268235,-48.65261273790883,-49.75739523995802,-49.91275848478047
469961.txt,-49.479157086814475,-49.44782731253641,-48.744097283824246,-49.275537424442156
475855.txt,-46.01833797690155,-47.33316950064556,-47.65164847551235,-45.688868867996646
479762.txt,-48.970900122819266,-48.15262353333245,-50.02795571187595,-50.00858932097475
480141.txt,-45.18116571901835,-45.26427736904695,-49.35244030905797,-47.52416257655501
481042.txt,-47.57091853174564,-47.6754868428217,-47.85016856589357,-46.87461730568448
481951.txt,-46.19071880321232,-48.783195030589035,-49.51527643974888,-50.304298041648586
486759.txt,-48.965568701455354,-46.61848557541573,-45.69715809581995,-50.598674141750074
495255.txt,-46.15400944077355,-46.184880892253496,-47.11188110848759,-45.60726954435345
497865.txt,-49.57847805604237,-45.49562062045893,-59.789423132061614,-51.288469371067535
500222.txt,-47.07460670256672,-49.97270737475105,-51.19533892108325,-50.03584762770037
506234.txt,-43.28323962340138,-45.05485434852167,-44.41336512809963,-45.800594756274855
510225.txt,-46.22834031722548,-45.46761054274677,-49.040561816290634,-49.03320484691947
510326.txt,-45.20061575648298,-48.01953166399388,-47.81186164053272,-47.054271858214115
512835.txt,-47.6388489540097,-48.53350606919187,-48.37770382039706,-48.803022249016884
513130.txt,-49.46340046978894,-49.88736122616819,-49.17762255137055,-48.055773841658755
513736.txt,-48.33132188445814,-47.670837537576865,-48.20066849855841,-46.59721811336984
516742.txt,-49.23839522558506,-48.529026240392845,-49.402325742644656,-50.647425092520805
517239.txt,-50.813482581107365,-47.65305808525416,-51.82703936369184,-49.98165483252142
518746.txt,-49.597005098372954,-49.28357041647244,-49.7644132826445,-47.98656751492809
519647.txt,-48.880087894541504,-49.13611266562075,-49.53409159610565,-48.154484963890795
519950.txt,-44.33827372694223,-45.544921630349705,-47.8590905909172,-42.97981407327464
520228.txt,-49.36823944454522,-48.33621868801504,-48.02803164848731,-48.37977670337465
522434.txt,-50.08588695030646,-46.541630526374995,-49.45067583320408,-48.22406627085128
523032.txt,-46.88797545509589,-47.31945133633415,-50.30747663143074,-49.183975901959506
524135.txt,-46.60148254859762,-46.61842135788125,-47.78127486215295,-46.06208979040265
525541.txt,-48.69699771545923,-48.528538209301125,-49.88528052196193,-49.67609952477867
529549.txt,-46.005181182270775,-45.13790222940315,-44.427217334552445,-45.387659435682316
529953.txt,-48.03788161385265,-45.47213113171378,-47.87485056017139,-49.279578721820386
531536.txt,-49.316450973275664,-49.26169258844189,-48.11612032309994,-50.045245168043415
531940.txt,-48.326923936651376,-46.93700760581234,-50.0769320851401,-45.83344696136455
536647.txt,-50.68130619185325,-47.11972430034049,-48.97029281256257,-46.813515039621734
540436.txt,-43.398973709381295,-44.70029340582756,-49.77674407841386,-46.96702499308969
541640.txt,-49.5663254455937,-49.08274734160525,-48.15334259570727,-48.703025192973435
545345.txt,-48.45714686886343,-49.51277085436971,-47.6562018155542,-48.64744987445755
547046.txt,-45.337330499598366,-48.523282510013715,-49.86760403396528,-49.35819926342226
548250.txt,-46.95854762064709,-47.31700963998172,-49.68566274960974,-47.522087147436906
552241.txt,-47.18570869231347,-48.191314556940924,-49.546814834157,-48.639617329439304
553344.txt,-45.6732177430445,-47.334305305790345,-48.05533906616622,-47.83061535693106
555348.txt,-45.19488047261157,-46.19739536801165,-49.43198274655198,-48.14293366066253
555651.txt,-43.72066793074141,-46.01605124249183,-45.90298149003509,-44.87232564592163
555954.txt,-48.71942518400259,-49.12818305363571,-50.78322217590949,-47.79339858661179
557857.txt,-47.90474574802297,-51.251865211880386,-49.11726032804745,-49.23928765271591
558657.txt,-48.48163074862784,-48.53747408096504,-49.61042059475851,-48.82662673289912
558960.txt,-50.73958242024476,-48.42099101574716,-49.64679469347432,-48.511855167382215
559457.txt,-48.02231648301545,-47.1653248455471,-47.3577672709134,-49.16927975621446
561444.txt,-46.973201388702215,-47.5013277604814,-48.46250569812085,-48.99076119397846
561949.txt,-46.503256744398065,-45.73132460461663,-50.00193754186537,-49.069271113076994
562345.txt,-45.19226559058928,-44.932767261200944,-44.66649753547482,-44.66761777779642
562446.txt,-51.48401658812515,-51.25375604005582,-49.19358571890873,-48.5471942808076
565452.txt,-49.1836898478671,-49.77050303535037,-50.222494373816076,-52.053705645190355
566454.txt,-50.27421122108483,-50.310138304825074,-45.539338611312075,-44.64782692617999
567052.txt,-49.88622295076146,-50.19492332805225,-50.80814548732415,-49.57704637568995
567759.txt,-47.63936239056865,-47.24684982191809,-49.90315210206123,-48.24918205575901
567961.txt,-47.37758505347666,-48.93929405917793,-51.03206433585427,-50.80039538517802
568963.txt,-48.25755910735289,-50.21629477931928,-50.29021339151803,-45.4636817482279
571144.txt,-49.973851559799016,-50.502169412854926,-48.88533238909287,-51.000413120260646
572045.txt,-44.794542112294074,-46.71219648832353,-46.683952920953644,-48.23620913298486
573249.txt,-45.85225137916295,-48.65882758449933,-48.3193940797383,-50.05000987782185
573451.txt,-48.40553022391511,-50.968191568429845,-47.309830575806096,-47.51982160091245
576255.txt,-48.24667900907231,-48.2759558201688,-49.559868431699485,-49.396745865516245
578057.txt,-46.507398862828076,-48.727136883280444,-49.19065254266325,-48.529149083217796
579867.txt,-46.72132098733617,-49.953871048885446,-47.677649568818964,-47.32365035885036
580044.txt,-43.07544540802046,-45.851179182684845,-44.892110628586636,-46.143820158325056
580347.txt,-49.4206445469779,-48.46173006957484,-50.61993921503227,-48.916850800193046
580650.txt,-48.962873593965924,-49.74146598931291,-49.98775089698638,-47.492905815177046
580751.txt,-46.69279508116298,-45.31228697579273,-46.12505197787582,-50.679968224284224
581450.txt,-47.34693587235363,-43.05000200361013,-42.64676186879124,-44.24559267270221
583858.txt,-48.261957633517596,-48.64480489779863,-50.446747126005064,-50.86920133720147
585256.txt,-47.603099312272654,-45.99257702160235,-50.02828115965678,-48.29722609758258
587664.txt,-46.593571113390986,-48.03764732983999,-44.9994733432144,-49.89793115538761
588565.txt,-45.47034418866212,-46.58550469311187,-49.65669764639244,-46.27173537642682
589567.txt,-44.56235540522772,-46.05540902062917,-45.72937649450966,-44.67719891750657
590047.txt,-47.3708417896491,-47.574538705581574,-48.07291049160746,-48.36262666640654
592455.txt,-48.65815622633733,-47.759240987565036,-49.21727600254477,-51.21792824995454
594156.txt,-47.18744471836695,-48.0901885212134,-50.55137314423909,-60.81146879604045
597869.txt,-49.601141044107834,-47.98208857913826,-49.409742666626066,-48.663304839760144
599065.txt,-49.94820030298899,-50.65551565825875,-49.550216840421,-49.78205046533635
599469.txt,-49.08831114014192,-49.01970615596132,-46.548933743709156,-46.16850079954177
599671.txt,-47.59567460770391,-48.4091408004955,-47.16298792366435,-45.88996506136902
601127.txt,-48.26817663221833,-49.30610953361352,-49.98243653702826,-48.004484482946616
604537.txt,-48.8326204946521,-48.21217375745087,-48.45288761818989,-45.62093556839854
609143.txt,-47.57783635241861,-48.678421307316576,-49.521276325705514,-49.25491732694257
611938.txt,-50.899646373385295,-51.13626102441164,-50.13353314429896,-52.16187271210518
613538.txt,-46.42633669202263,-45.17983492216558,-45.431289710972656,-46.336660895368055
614439.txt,-47.03178788521624,-45.2457290076758,-45.581075146375255,-47.49721078801295
615441.txt,-46.444170739232646,-46.797256717155484,-48.98023542160745,-44.65036048678358
615744.txt,-48.35947296500714,-49.47805955668951,-49.02534849883653,-49.32420352108568
616645.txt,-50.34980535372933,-52.37731075026461,-51.87359046342964,-52.10613736170769
617748.txt,-49.62076800661257,-48.25709416819072,-49.420561658762054,-48.425566855412676
618952.txt,-46.27277387197839,-46.37875695587103,-48.91235488825088,-46.06448840679838
620434.txt,-48.02724695343106,-47.53168493329824,-49.14271230711012,-48.6070605359303
622236.txt,-48.703309134003554,-47.104514262758975,-47.86016519029746,-50.5875311322678
623844.txt,-50.459806314052386,-48.9776318613262,-49.90838775836079,-50.73232114289838
626648.txt,-49.37712292916453,-48.797376135968975,-49.31942281213467,-47.74908388057914
627852.txt,-48.33705333859638,-48.85571174125384,-49.769756737943766,-51.64293717319913
628248.txt,-46.853881916629746,-48.616540576128735,-46.559424317865535,-45.61921140491933
633847.txt,-49.37704710468926,-45.81080240809365,-46.85564845368489,-47.67525201234816
634748.txt,-46.10791631220877,-46.68754640885043,-46.85268373205287,-47.230834908227216
635245.txt,-49.61542470883196,-48.85109608505566,-48.60883600010306,-48.412076062820574
645450.txt,-44.110370633820345,-44.070729712522756,-44.725694024259404,-46.78195234669172
647858.txt,-47.88871010661365,-45.87091618762131,-49.32670001347389,-48.11063001538094
654350.txt,-47.266337483703246,-45.6783868769497,-46.84721634610664,-45.866913945280615
654552.txt,-44.12229408425972,-46.11762870677911,-46.54487357716942,-46.57997792217262
656253.txt,-49.118246692822936,-49.36596007507374,-51.00579270096906,-50.18870825930308
656657.txt,-46.94478466440528,-47.09913785936109,-53.078406507815814,-49.18728978486076
657659.txt,-50.95860936335675,-48.57959510855498,-48.82575757398942,-48.495779189985676
660951.txt,-46.9256686413387,-47.29855864450885,-47.07217042423496,-48.84970358517191
662551.txt,-50.33656390401316,-47.82004390757344,-49.95515307587723,-49.47780929408543
663755.txt,-46.41235109285489,-48.223376270653574,-46.56658309684986,-47.57849639757941
664757.txt,-45.405070080473365,-46.712162625682176,-51.21976468400575,-52.08658380708462
667056.txt,-49.6354264152649,-48.72645443942158,-47.36460111194347,-46.559782860672655
668361.txt,-45.980426889328044,-45.77090869269935,-47.78871596315883,-47.639289146838344
671855.txt,-49.224345251522564,-52.7323539529089,-51.96876058699372,-49.883023977282285
673455.txt,-47.78934808190796,-48.1950564080673,-48.09898276551388,-48.0610488339097
675661.txt,-50.84768243995509,-49.61318870606079,-50.7948360029694,-49.93512671089517
677766.txt,-49.92198854580044,-49.90151477721628,-50.49284224595594,-48.46217894452499
679568.txt,-49.767876039011114,-47.60424423579035,-49.75020163292561,-49.525121156454944
679770.txt,-48.459132782243344,-48.56819412790837,-51.36019616379395,-49.205896780234106
680250.txt,-46.25635839314751,-47.76703410908405,-47.87743207385197,-46.64222461312656
680452.txt,-46.909460303642206,-47.90504479772604,-49.42838889463858,-49.24232185259345
683256.txt,-48.799885397678345,-48.43630012474939,-47.3441466324399,-47.70756214059888
686969.txt,-46.543563689764234,-45.67576561286738,-48.193314820415814,-49.464565536497524
687163.txt,-46.93076710602922,-47.42360514810921,-46.38637564729275,-47.415073315684054
690152.txt,-47.28802097797807,-45.21252781771461,-47.897088971645445,-47.32686917524317
692964.txt,-46.15924246219445,-47.51496886289138,-48.11574464267432,-46.91967850239222
693764.txt,-45.31582742223971,-47.997910832372405,-47.059527607405535,-45.561708046781256
694362.txt,-49.42986614027117,-50.16990668502627,-48.261526323920215,-49.291042166159144
695768.txt,-49.94919537083922,-48.2066198588907,-44.00862805283473,-44.40468557404653
698168.txt,-45.5444933868174,-49.43286706555622,-48.09668946238902,-47.68548471891943
700634.txt,-47.301084086346435,-49.12656131558136,-49.216455476279265,-49.38409179707697
706040.txt,-50.72256750343738,-48.01667593463803,-48.38715116188849,-48.26433895241218
707749.txt,-47.8168016690912,-46.52965827013508,-48.73906688222842,-46.693333794473936
709551.txt,-47.82888359566269,-49.69313780759373,-46.91533988444647,-46.687285312896236
715041.txt,-49.89353971313977,-48.50302179877208,-49.846147052806565,-49.83740611224164
715950.txt,-49.63049441742046,-49.41033096746895,-49.66968215486262,-49.30601169141695
720337.txt,-48.930882801901404,-48.02100490141963,-51.591834436445474,-49.51015789139049
723141.txt,-50.00998544695444,-51.29921042580629,-49.281723715819815,-50.339217973766885
724446.txt,-50.13696596830583,-50.71171655346067,-49.49129019945542,-52.25985524834975
725751.txt,-47.79739311190529,-46.5674044065983,-46.353176081792256,-49.04663774799649
727553.txt,-49.83578151106115,-49.46408569252358,-49.075583753621736,-48.867631247042446
727654.txt,-44.15261150667998,-47.214424997847026,-48.11811410190397,-47.576434862027774
728454.txt,-49.782138864144336,-49.010649228690156,-51.40283664019636,-48.91329702673408
729254.txt,-45.08286079010752,-48.354443518891124,-45.71963757172916,-44.68136293867952
731140.txt,-49.12645363518286,-48.84015083212665,-49.32799957777897,-50.14333313676799
735148.txt,-45.48528611811553,-48.617811699469144,-47.830623525699146,-47.91775687660229
737960.txt,-46.38257527509081,-48.65657362556127,-47.67868552304501,-47.73919998888941
742549.txt,-45.34425441854676,-49.62349499569877,-46.88315956981907,-46.52552240066942
744553.txt,-46.33913180417005,-47.894074300132345,-47.30644559912932,-49.68539910926925
748662.txt,-50.51712580691284,-49.5736530535981,-49.91673693881969,-50.2602722887423
749058.txt,-49.75560807389382,-50.508208110528976,-48.119871006078185,-48.43911549450273
753150.txt,-47.67838943615224,-48.824834417722755,-52.634034480448484,-51.33421753342941
757764.txt,-44.439080743773715,-46.37933189568458,-45.637906525478805,-44.60478235339048
759869.txt,-46.13717102631681,-49.955462994138855,-49.0994735200782,-47.18799683979949
760551.txt,-45.95264725840734,-45.51834214534026,-49.656906207411126,-44.88293063364676
763557.txt,-48.08180968184809,-48.331474438054975,-48.212957379421596,-44.41718624966903
765864.txt,-48.032652093271935,-48.54870009325189,-47.96083376482054,-48.00377116477477
767464.txt,-49.926379356319494,-49.62515367037068,-50.90453692746922,-50.87595153134934
769064.txt,-48.70581632352144,-48.576775183241004,-48.605101107432965,-48.7819770148396
770352.txt,-51.166618869952146,-48.98823447914556,-48.29595043764828,-47.5108886320847
771354.txt,-48.09232553277896,-48.77255397300898,-48.58666764014411,-47.48088008257704
773257.txt,-46.5548905324815,-47.92086082537886,-48.04610312835342,-46.06016141653256
774663.txt,-49.328583742619394,-48.08954473038675,-50.03883911675837,-50.39005930374879
779370.txt,-46.98140827177621,-48.17137845683416,-47.89139815024287,-46.24772811704866
782561.txt,-48.39431335257262,-50.1884841546754,-49.12491268643213,-47.454408523464664
783462.txt,-50.436528032536984,-49.90080669309614,-50.494259297741976,-50.10054493669807
784565.txt,-44.51078714336249,-44.51529005419605,-44.71270877110033,-46.0822907276255
788674.txt,-47.78247289803271,-47.672107188496554,-47.897673365011215,-48.80188371824879
789373.txt,-45.74818922513155,-47.453055976386395,-51.45877146988363,-47.51975555186972
792766.txt,-45.487233771037715,-46.70121593182202,-45.47064933559293,-43.315420382851
792867.txt,-46.286046229016065,-46.14524025950576,-48.4082404006882,-45.79354232383554
793465.txt,-47.25667436726494,-46.881282825276706,-48.55198758408615,-49.46070920534962
800941.txt,-49.952624862693156,-49.09402269696089,-48.034110262114275,-51.28245833899609
802844.txt,-47.580044989545954,-47.30602949023062,-50.55645151052761,-48.033612279382744
803240.txt,-48.57524675930386,-47.54767774516468,-47.42151158049292,-47.227235008997255
804646.txt,-45.05624631600281,-45.486003172154184,-47.65762081378444,-46.40778225752144
809252.txt,-48.155157973542806,-48.204414262458286,-48.865265180819385,-47.64691905135431
810843.txt,-46.26301539838195,-50.61374279159816,-48.288559262135315,-49.83828689678374
812746.txt,-50.68383580976054,-50.48776391059968,-46.74236356500532,-47.57176606843973
814548.txt,-48.010026090096495,-48.22652896787594,-50.49806582680826,-47.22951258263455
814649.txt,-49.2517255137011,-48.84589272815234,-50.06341404123414,-47.18641153843313
815247.txt,-49.34131165903304,-47.60068848260948,-50.349663406503836,-49.46840633566205
816653.txt,-47.705533159211775,-48.857199137063155,-49.84345365562229,-48.44547441612518
818455.txt,-50.99241295386792,-48.71226726555415,-49.355924634905584,-49.144496061604826
818859.txt,-48.1540874073933,-48.60549273499723,-49.54865336658442,-48.24433325888952
820745.txt,-42.643318988590934,-46.053689776713185,-48.305684646036255,-48.12199825451706
825048.txt,-50.28250203229093,-49.593736758450625,-50.06161289753014,-49.37279107368077
825553.txt,-44.87896446993896,-47.42152592207999,-46.102919806477104,-46.33098111320146
825654.txt,-46.16500359368231,-47.95056823159409,-48.19891754316248,-47.15386821766731
826454.txt,-47.47978944662507,-48.35902950270633,-49.77181216757111,-45.26944412842832
827052.txt,-44.90788901145747,-46.287674581164,-48.61547299854985,-50.33111191572673
828862.txt,-46.51945390600839,-43.68737557756032,-49.61639957170046,-51.11733561014315
832651.txt,-45.673699423520326,-46.70770276488755,-47.23311873037253,-47.531879524489206
833148.txt,-46.90480583454184,-47.55845531477924,-45.11906475938629,-47.085544271391484
833249.txt,-45.58628013343411,-47.35481289021394,-46.95405735408229,-46.7802665581545
835657.txt,-44.27568292474163,-46.87832249160376,-45.48902164674724,-44.83802871735966
837560.txt,-46.36355803225244,-48.56969076944115,-50.192006320548,-49.29100531233053
837964.txt,-48.05549018329177,-49.899088350885435,-48.61554782840702,-49.953899895619784
841349.txt,-47.52025839728535,-47.006716807476124,-49.364434811477686,-50.31667810340613
843151.txt,-47.19306323014788,-46.3283594172103,-49.670177039259976,-46.88244988194581
844961.txt,-49.62879014965408,-49.44784033290243,-50.95854563414085,-50.3276250764033
845458.txt,-46.342039382879584,-46.611353600277546,-46.802709885043676,-45.85952752462751
849264.txt,-43.57817524009892,-46.16453034918134,-46.502815649230534,-47.088218369194436
849971.txt,-47.26852796539239,-50.52266293113519,-49.869456240702036,-49.589738084316764
852455.txt,-46.51498295100648,-47.73776051404876,-47.61641506279183,-48.979790754953555
856968.txt,-46.72544328584102,-46.71495035317856,-46.18362391505712,-46.76724901264402
867468.txt,-47.24702274611576,-49.2642630534103,-45.376865868641154,-44.80726806173876
869472.txt,-47.24043371033149,-46.822843650857834,-47.322451440232605,-48.17321444606892
870861.txt,-47.211063238393734,-47.59851473111524,-49.5379175728289,-49.52388165302
871762.txt,-46.18238830518949,-45.91049739784927,-48.22089246835554,-46.25515856678902
872562.txt,-46.52664124635002,-49.36854146377314,-47.86513158221663,-47.282491212050786
872764.txt,-48.18531642381335,-48.65432168516962,-48.48526507570769,-48.614678846548436
873968.txt,-50.59197709749558,-45.00131770966862,-47.857890649480275,-48.11979772848427
877269.txt,-44.39017994743201,-48.4936538449203,-45.849149053872694,-44.152918098245884
878776.txt,-46.1027988691276,-50.886442710435134,-49.570858313521626,-48.667315990319715
878877.txt,-48.752665571647455,-49.24114266593142,-48.83638243581251,-47.69423564354281
880157.txt,-50.234330291806835,-51.69883273311104,-50.7067146384419,-50.313058045551344
882161.txt,-47.938607962428755,-50.8616821167404,-49.52566952312775,-49.129964321540086
884064.txt,-46.976986392880896,-47.31899791899172,-48.042399028796446,-47.95565768516915
886674.txt,-51.353143126518106,-51.072827384184016,-50.631111896996586,-53.374227863456305
888678.txt,-47.134958823861645,-48.56156532923644,-45.21252730388933,-43.79381439669946
891667.txt,-52.29947306453033,-49.82794018446244,-50.50009479280366,-49.07339495278366
894067.txt,-49.349956274852644,-49.5639795659995,-48.87749247083633,-48.98210720697573
894774.txt,-47.461528612293456,-50.196102154618266,-49.24237640100353,-49.77990908042794
898176.txt,-45.38490723163135,-46.802217502147506,-46.07009244150555,-47.37862554863277
901038.txt,-50.31546957956273,-48.13345879048411,-50.24025840029479,-48.308955814337985
901442.txt,-49.94080496318659,-50.530300742595074,-49.68851145037753,-45.20261199720211
902242.txt,-50.67594551120282,-49.14015606560284,-49.70629939815098,-48.94854224127323
905147.txt,-48.2625289291005,-49.340589714997066,-45.383823389263505,-48.059558507364464
907656.txt,-45.36321503788851,-48.29272439450388,-47.613535519345206,-46.162146780398686
908860.txt,-47.971736788113496,-48.548375189339446,-47.80451227140506,-48.48420565980681
910241.txt,-44.05020013376179,-43.578541808767696,-46.293091761366306,-49.60991989114877
910443.txt,-47.976050542310496,-46.837087446087594,-48.0132386327688,-46.938978628759116
911849.txt,-46.364490863025075,-43.68719054623984,-46.77729140642067,-50.12328920154218
912447.txt,-48.0074523337264,-49.079723862925725,-49.45555772194679,-49.63067423828454
917558.txt,-49.62227330284331,-49.32044981170777,-49.21173541576104,-49.051865843946
919966.txt,-48.20566773898892,-48.834321908363926,-48.85884955570207,-49.56894193834359
922854.txt,-46.1586821463279,-47.714864029076764,-49.568535276110545,-48.233141312401834
923755.txt,-47.89088874834255,-46.2233167090378,-45.587196505387986,-45.778462503669786
926862.txt,-49.796165241681116,-44.289839364667166,-50.241187350596704,-47.47056132244251
927359.txt,-48.67247550659885,-49.406388082302016,-47.6904978532559,-48.291290872261385
930449.txt,-45.27394166703428,-44.334598554680326,-46.88342971796943,-45.36494316549251
933253.txt,-47.586740477029814,-49.474222083828444,-51.03919377473852,-48.77763483880894
942658.txt,-45.89152711105937,-47.86392292114901,-48.69060538714635,-49.932796942105114
943862.txt,-45.39402187096145,-46.28544802237989,-45.86269868270071,-46.1278049613382
947668.txt,-46.17257467553704,-45.496319032982306,-46.855207028212575,-45.47960369889211
952863.txt,-43.768215414970896,-43.787242973762176,-46.28061209093938,-45.62605536487007
955465.txt,-47.21155116070393,-47.54209999583657,-48.29644934955224,-47.96134420984923
957974.txt,-47.227947280797515,-46.69001879399835,-49.27064532464571,-52.0749264307076
958976.txt,-47.31443077837402,-46.82392196516062,-48.11294309397612,-47.904798343767546
962058.txt,-45.943608289849365,-47.88195704608756,-48.32348439696431,-46.482344129462795
965367.txt,-49.36312527377559,-46.24386578073925,-48.97824718915042,-48.23878184285131
965771.txt,-44.839899406956626,-44.272735523172585,-46.48350726783016,-50.03052474263264
966975.txt,-44.71777367797914,-43.91767146586957,-45.30363691299189,-43.86358588521267
969476.txt,-49.01199638452456,-48.01293718579718,-44.194945868275965,-46.746169810184426
970764.txt,-45.75533741329386,-45.988226889880465,-45.41375174009597,-45.50123505502369
971160.txt,-47.84327597624767,-49.52249011756612,-50.68774158823823,-51.324256078652205
978578.txt,-47.044378905820416,-45.49225548951352,-47.03620321438627,-45.52776706878685
979984.txt,-47.276294871369316,-47.839398351514554,-48.85646324203803,-48.08751617217864
983773.txt,-47.53301364135044,-49.75210070272296,-46.688777179373595,-48.67524734465738
987074.txt,-49.5839407739893,-49.306371214522,-53.732920275660035,-51.454023277699875
987983.txt,-46.52392244419482,-47.4476047917309,-48.36108137979085,-45.57544507983791
989987.txt,-51.89911586077099,-47.60131885201936,-47.211664670845046,-47.15553448128419
990366.txt,-47.24699058099695,-47.428741908225255,-48.56148167863336,-48.172392295025055
991267.txt,-48.168877631012485,-47.14258270307998,-48.81373250538577,-48.492791072842124
992673.txt,-46.105615465782584,-48.21293783507155,-53.332710842298674,-48.89815898930019
993675.txt,-48.531558747610916,-49.84021360561077,-49.12172300923539,-47.97703061005922
994273.txt,-46.569314951775354,-47.39045233001062,-51.10058493108486,-50.00199433082553
996782.txt,-49.103803015832,-48.156439859996816,-48.44099052059724,-48.8285627932295
